titulo,genero,duracion,director,protagonistas,estreno,sinopsis,calificacion_usuario,vistas_totales,image_cover
La guerra de las galaxias. Episodio II: El ataque de los clones,Aventura,132,George Lucas,"Hayden Christensen, Ewan McGregor, Natalie Portman, Christopher Lee, Samuel L. Jackson",2002,"Corren tenebrosos tiempos para la República. Ésta continúa envuelta en luchas y sumida en el caos. Un movimiento separatista, formado por centenares de planetas y poderosas alianzas y y lideradas por el misterioso conde Dooku, abre nuevas amenazas para la galaxia, a la que ni siquiera los Jedi parecen poder poner freno. Estas maniobras, planeadas hace mucho por una poderosa fuerza, conducen al estallido de las guerras clones y al principio del fin de la República. Para allanar el camino, los separatistas intentan asesinar a la senadora Padme Amidala. Para evitar futuros atentados, su seguridad es encomendada a dos caballeros Jedi...",0.0,0,
La guerra de las galaxias. Episodio III: La venganza de los Sith,Aventura,140,George Lucas,"Hayden Christensen, Ewan McGregor, Natalie Portman, Ian McDiarmid, Samuel L. Jackson",2005,"Último capítulo de la saga de Star Wars, en el que Anakin Skywalker definitivamente se pasa al lado oscuro. En el Episodio III aparecerá el General Grievous, un ser implacable mitad-alien mitad-robot, el líder del ejército separatista Droid. Los Sith son los amos del lado oscuro de la Fuerza y los enemigos de los Jedi. Ellos fueron prácticamente exterminados por los Jedi hace mil años, pero la orden del mal sobrevivió en la clandestinidad.",0.0,0,
La guerra de las galaxias,Aventura,121,George Lucas,"Mark Hamill, Harrison Ford, Carrie Fisher, Peter Cushing, Alec Guinness",1977,"La princesa Leia, líder del movimiento rebelde que desea reinstaurar la República en la galaxia en los tiempos ominosos del Imperio, es capturada por las malévolas Fuerzas Imperiales, capitaneadas por el implacable Darth Vader, el sirviente más fiel del emperador. El intrépido Luke Skywalker, ayudado por Han Solo, capitán de la nave espacial ""El Halcón Milenario"", y los androides, R2D2 y C3PO, serán los encargados de luchar contra el enemigo y rescatar a la princesa para volver a instaurar la justicia en el seno de la Galaxia.",0.0,0,
El imperio contraataca,Aventura,124,Irvin Kershner,"Mark Hamill, Harrison Ford, Carrie Fisher, Billy Dee Williams, Anthony Daniels",1980,"Tras un ataque sorpresa de las tropas imperiales a las bases camufladas de la alianza rebelde, Luke Skywalker, en compañía de R2D2, parte hacia el planeta Dagobah en busca de Yoda, el último maestro Jedi, para que le enseñe los secretos de la Fuerza. Mientras, Han Solo, la princesa Leia, Chewbacca, y C3PO esquivan a las fuerzas imperiales y piden refugio al antiguo propietario del Halcón Milenario, Lando Calrissian, en la ciudad minera de Bespin, donde les prepara una trampa urdida por Darth Vader.",0.0,0,
El retorno del Jedi,Aventura,133,Richard Marquand,"Mark Hamill, Harrison Ford, Carrie Fisher, Billy Dee Williams, Anthony Daniels",1983,"Luke Skywalker y la princesa Leia deben viajar a Tatooine para liberar a Han Solo. Para conseguirlo, deben infiltrarse en la peligrosa guarida de Jabba the Hutt, el gángster más temido de la galaxia. Una vez reunidos, el equipo recluta a tribus de Ewoks para combatir a las fuerzas imperiales en los bosques de la luna de Endor. Mientras tanto, el Emperador y Darth Vader conspiran para convertir a Luke al lado oscuro, pero el joven Skywalker, por su parte, está decidido a reavivar el espíritu del Jedi en su padre. La guerra civil galáctica culmina en un último enfrentamiento entre las fuerzas rebeldes unificadas y una segunda Estrella de la Muerte, indefensa e incompleta, en una batalla que decidirá el destino de la galaxia.",0.0,0,
Star Wars: El despertar de la fuerza,Aventura,136,J.J. Abrams,"Harrison Ford, Mark Hamill, Carrie Fisher, Adam Driver, Daisy Ridley",2015,"Treinta años después de la victoria de la Alianza Rebelde sobre la segunda Estrella de la Muerte (hechos narrados en el Episodio VI: El retorno del Jedi), la galaxia está todavía en guerra. Una nueva República se ha constituido, pero una siniestra organización, la Primera Orden, ha resurgido de las cenizas del Imperio Galáctico. A los héroes de antaño, que luchan ahora en la Resistencia, se suman nuevos héroes: Poe Dameron, un piloto de caza, Finn, un desertor de la Primera Orden, Rey, una joven chatarrera, y BB-8, un androide rodante. Todos ellos luchan contra las fuerzas del Mal: el Capitán Phasma, de la Primera Orden, y Kylo Ren, un temible y misterioso personaje que empuña un sable de luz roja.",0.0,0,
Star Wars: Los últimos Jedi,Aventura,150,Rian Johnson,"Mark Hamill, Carrie Fisher, Adam Driver, Daisy Ridley, John Boyega",2017,"La malvada Primera Orden se ha vuelto más poderosa y tiene contra las cuerdas a la Resistencia, liderada por la General Leia Organa. El piloto Poe Dameron encabeza una misión para intentar destruir un acorazado de la Primera Orden. Mientras tanto, la joven Rey tendrá que definir su futuro y su vocación, y el viejo jedi Luke Skywalker revaluar el significado de su vida.",0.0,0,
Star Wars: El ascenso de Skywalker,Aventura,141,J.J. Abrams,"Carrie Fisher, Mark Hamill, Daisy Ridley, Adam Driver, John Boyega",2019,"Un año después de los eventos de ""Los últimos Jedi"", los restos de la Resistencia se enfrentarán una vez más a la Primera Orden, involucrando conflictos del pasado y del presente. Mientras tanto, el antiguo conflicto entre los Jedi y los Sith llegará a su clímax, lo que llevará a la saga de los Skywalker a un final definitivo. Final de la trilogía iniciada con ""El despertar de la Fuerza"".",0.0,0,
Iron Man,Acción,126,Jon Favreau,"Robert Downey Jr., Terrence Howard, Jeff Bridges, Gwyneth Paltrow, Leslie Bibb",2008,"El multimillonario fabricante de armas Tony Stark debe enfrentarse a su turbio pasado después de sufrir un accidente con una de sus armas. Equipado con una armadura de última generación tecnológica, se convierte en 'El hombre de hierro' para combatir el mal a escala global.",0.0,0,
El increíble Hulk,Ciencia ficción,114,Louis Leterrier,"Edward Norton, Liv Tyler, Tim Roth, William Hurt, Tim Blake Nelson",2008,"El científico Bruce Banner recorre el mundo tratando de encontrar una cura a su problema, en busca de un antídoto que le permita librarse de su Alter Ego. Perseguido por el ejército y por su propia rabia interna, es incapaz de sacar de su cabeza a Betty Ross. Así que se decide a volver a la civilización, donde debe enfrentarse a una criatura creada cuando el agente de la KGB, Emil Blonsky, se expone a una dosis superior de la radiación que convirtió a Bruce en Hulk. Incapaz de volver a su estado humano, Emil hace responsable a Hulk de su aterradora condición, mientras que la ciudad de Nueva York se convierte en el escenario de la última batalla entre las dos criaturas más poderosas que jamás han pisado la Tierra.",0.0,0,
Iron Man 2,Aventura,125,Jon Favreau,"Robert Downey Jr., Gwyneth Paltrow, Don Cheadle, Scarlett Johansson, Sam Rockwell",2010,"El mundo sabe que el multimillonario Tony Stark es Iron Man, el superhéroe enmascarado. Sometido a presiones por parte del gobierno, la prensa y la opinión pública para que comparta su tecnología con el ejército, Tony es reacio a desvelar los secretos de la armadura de Iron Man porque teme que esa información pueda caer en manos indeseables.",0.0,0,
Thor,Aventura,115,Kenneth Branagh,"Chris Hemsworth, Natalie Portman, Tom Hiddleston, Anthony Hopkins, Stellan Skarsgård",2011,"Thor es un arrogante y codicioso guerrero cuya imprudencia desata una antigua guerra. Por ese motivo, su padre Odín lo castiga desterrándolo a la Tierra para que viva entre los hombres y descubra así el verdadero sentido de la humildad. Cuando el villano más peligroso de su mundo envía a la Tierra a las fuerzas más oscuras de Asgard, Thor se dará cuenta de lo que realmente hace falta para ser un verdadero héroe.",0.0,0,
Capitán América: El primer vengador,Acción,124,Joe Johnston,"Chris Evans, Hayley Atwell, Sebastian Stan, Tommy Lee Jones, Hugo Weaving",2011,"Nacido durante la Gran Depresión, Steve Rogers creció como un chico enclenque en una familia pobre. Horrorizado por las noticias que llegaban de Europa sobre los nazis, decidió enrolarse en el ejército; sin embargo, debido a su precaria salud, fue rechazado una y otra vez. Enternecido por sus súplicas, el general Chester Phillips le ofrece la oportunidad de tomar parte en un experimento especial: la Operación Renacimiento. Tras meses de preparación y entrenamiento recibe su primera misión como Capitán América. Armado con un escudo indestructible y su inteligencia para la batalla, el Capitán América emprende la guerra contra el mal, como centinela de la libertad y como líder de los Vengadores.",0.0,0,
Los Vengadores,Ciencia ficción,143,Joss Whedon,"Robert Downey Jr., Chris Evans, Mark Ruffalo, Chris Hemsworth, Scarlett Johansson",2012,"Cuando un enemigo inesperado surge como una gran amenaza para la seguridad mundial, Nick Fury, director de la Agencia SHIELD, decide reclutar a un equipo para salvar al mundo de un desastre casi seguro.",0.0,0,
Iron Man 3,Acción,130,Shane Black,"Robert Downey Jr., Gwyneth Paltrow, Don Cheadle, Guy Pearce, Rebecca Hall",2013,"El descarado y brillante empresario Tony Stark/Iron Man se enfrentará a un enemigo cuyo poder no conoce límites. Cuando Stark comprende que su enemigo ha destruido su universo personal, se embarca en una angustiosa búsqueda para encontrar a los responsables. Este viaje pondrá a prueba su entereza una y otra vez. Acorralado, Stark tendrá que sobrevivir por sus propios medios, confiando en su ingenio y su instinto para proteger a las personas que quiere.",0.0,0,
Thor: el mundo oscuro,Acción,112,Alan Taylor,"Chris Hemsworth, Natalie Portman, Tom Hiddleston, Christopher Eccleston, Anthony Hopkins",2013,"Thor lucha por restablecer el orden en el cosmos, pero una antigua raza liderada por el vengativo Malekith regresa con el propósito de volver a sumir el universo en la oscuridad. Se trata de un villano con el que ni siquiera Odín y Asgard se atreven a enfrentarse; por esa razón, Thor tendrá que emprender un viaje muy peligroso, durante el cual se reunirá con Jane Foster y la obligará a sacrificarlo todo para salvar el mundo.",0.0,0,
Capitán América: El soldado de invierno,Acción,136,Joe Russo,"Chris Evans, Samuel L. Jackson, Scarlett Johansson, Robert Redford, Sebastian Stan",2014,"Capitán América, Viuda Negra y un nuevo aliado, Falcon, se enfrentan a un enemigo inesperado mientras intentan sacar a la luz una conspiración que pone en riesgo al mundo.",0.0,0,
Guardianes de la Galaxia: Volumen 3,Ciencia ficción,150,James Gunn,"Chris Pratt, Zoë Saldaña, Dave Bautista, Karen Gillan, Pom Klementieff",2023,"La querida banda de los Guardianes se instala en Knowhere. Pero sus vidas no tardan en verse alteradas por los ecos del turbulento pasado de Rocket. Peter Quill, aún conmocionado por la pérdida de Gamora, debe reunir a su equipo en una peligrosa misión para salvar la vida de Rocket, una misión que, si no se completa con éxito, podría muy posiblemente conducir al final de los Guardianes tal y como los conocemos.",0.0,0,
Vengadores: La Era de Ultrón,Acción,140,Joss Whedon,"Robert Downey Jr., Chris Hemsworth, Mark Ruffalo, Chris Evans, Scarlett Johansson",2015,"Cuando Tony Stark intenta reactivar un programa caído en desuso cuyo objetivo es mantener la paz, las cosas empiezan a torcerse y los héroes más poderosos de la Tierra, incluyendo a Iron Man, Capitán América, Thor, El Increíble Hulk, Viuda Negra y Ojo de Halcón, tendrán que afrontar la prueba definitiva cuando el destino del planeta se ponga en juego. Cuando el villano Ultron emerge, le corresponderá a Los Vengadores detener sus terribles planes, que junto a incómodas alianzas llevarán a una inesperada acción que allanará el camino para una épica y única aventura.",0.0,0,
Ant-Man,Ciencia ficción,117,Peyton Reed,"Paul Rudd, Michael Douglas, Evangeline Lilly, Corey Stoll, Bobby Cannavale",2015,"Armado con la asombrosa capacidad de reducir su tamaño a la dimensiones de un insecto, el estafador Scott Lang debe sacar a relucir al héroe que lleva dentro y ayudar a su mentor, el doctor Hank Pym, a proteger de una nueva generación de amenazas el secreto que se esconde tras el traje de Ant-Man, con un casco que le permite comunicarse con las hormigas. A pesar de los obstáculos aparentemente insuperables que les acechan, Pym y Lang deben planear y llevar a cabo un atraco para intentar salvar al mundo.",0.0,0,
Capitán América: Civil War,Aventura,147,Joe Russo,"Chris Evans, Robert Downey Jr., Scarlett Johansson, Sebastian Stan, Anthony Mackie",2016,"Continúa la historia de “Avengers: Age of Ultron”, con Steve Rogers liderando un nuevo equipo de Vengadores en su esfuerzo por proteger a la humanidad. Tras otro incidente internacional relacionado con los Vengadores que ocasiona daños colaterales, la presión política fuerza a crear un sistema de registro y un cuerpo gubernamental para determinar cuándo se requiere los servicios del equipo. El nuevo status quo divide a los Vengadores mientras intentan salvar al mundo de un nuevo y perverso villano.",0.0,0,
Doctor Strange en el multiverso de la locura,Fantasía,126,Sam Raimi,"Benedict Cumberbatch, Xochitl Gomez, Elizabeth Olsen, Chiwetel Ejiofor, Benedict Wong",2022,"Viaja a lo desconocido con el Doctor Strange, quien, con la ayuda de tanto antiguos como nuevos aliados místicos, recorre las complejas y peligrosas realidades alternativas del multiverso para enfrentarse a un nuevo y misterioso adversario.",0.0,0,
Guardianes de la galaxia Vol. 2,Ciencia ficción,137,James Gunn,"Chris Pratt, Zoë Saldaña, Dave Bautista, Vin Diesel, Bradley Cooper",2017,"Continúan las aventuras del equipo en su travesía por los confines del cosmos. Los Guardianes deberán luchar para mantener unida a su nueva familia mientras intentan resolver el misterio de los verdaderos orígenes de Peter Quill. Viejos rivales se convertirán en nuevos aliados, y queridos personajes de los cómics clásicos acudirán en ayuda de nuestros héroes a medida que el universo cinematográfico de Marvel continúa expandiéndose.",0.0,0,
Spider-Man: Homecoming,Acción,129,Jon Watts,"Tom Holland, Michael Keaton, Robert Downey Jr., Marisa Tomei, Jon Favreau",2017,"Peter Parker comienza a experimentar su recién descubierta identidad como el superhéroe Spider-Man. Después de la experiencia vivida con los Vengadores, Peter regresa a casa, donde vive con su tía. Bajo la atenta mirada de su mentor Tony Stark, Peter intenta mantener una vida normal como cualquier joven de su edad, pero interrumpe en su rutina diaria el nuevo villano Vulture y, con él, lo más importante de la vida de Peter comenzará a verse amenazado.",0.0,0,
Thor: Ragnarok,Acción,131,Taika Waititi,"Chris Hemsworth, Mark Ruffalo, Tom Hiddleston, Cate Blanchett, Idris Elba",2017,"Thor está preso al otro lado del universo sin su poderoso martillo y se enfrenta a una carrera contra el tiempo. Su objetivo es volver a Asgard y parar el Ragnarok porque significaría la destrucción de su planeta natal y el fin de la civilización Asgardiana a manos de una todopoderosa y nueva amenaza, la implacable Hela. Pero, primero deberá sobrevivir a una competición letal de gladiadores que lo enfrentará a su aliado y compañero en los Vengadores, ¡el Increíble Hulk!",0.0,0,
Black Panther,Acción,134,Ryan Coogler,"Chadwick Boseman, Michael B. Jordan, Lupita Nyong'o, Danai Gurira, Martin Freeman",2018,"Después de los acontecimientos de ""Capitán América: Civil War"", T'Challa vuelve a casa, la nación aislada y muy avanzada tecnológicamente de Wakanda, para ser proclamado Rey. Pero la reaparición de un viejo enemigo pone a prueba el temple de T'Challa como Rey y Black Panther ya que se ve arrastrado a un conflicto que pone en peligro todo el destino de Wakanda y del mundo.",0.0,0,
Vengadores: Infinity War,Aventura,156,Joe Russo,"Robert Downey Jr., Chris Evans, Chris Hemsworth, Josh Brolin, Mark Ruffalo",2018,"El todopoderoso Thanos ha despertado con la promesa de arrasar con todo a su paso, portando el Guantelete del Infinito, que le confiere un poder incalculable. Los únicos capaces de pararle los pies son los Vengadores y el resto de superhéroes de la galaxia, que deberán estar dispuestos a sacrificarlo todo por un bien mayor. Capitán América e Ironman deberán limar sus diferencias, Black Panther apoyará con sus tropas desde Wakanda, Thor y los Guardianes de la Galaxia e incluso Spider-Man se unirán antes de que los planes de devastación y ruina pongan fin al universo. ¿Serán capaces de frenar el avance del titán del caos?",0.0,0,
Ant-Man y la Avispa: Quantumanía,Acción,125,Peyton Reed,"Paul Rudd, Evangeline Lilly, Michael Douglas, Michelle Pfeiffer, Jonathan Majors",2023,"La pareja de superhéroes Scott Lang y Hope van Dyne regresa para continuar sus aventuras como Ant-Man y la Avispa. Los dos, junto a los padres de Hope, Hank Pym y Janet van Dyne y la hija de Scott, Cassie Lang, se dedican a explorar el Mundo Cuántico, interactuando con nuevas y extrañas criaturas y embarcándose en una aventura que les llevará más allá de los límites de lo que creían posible.",0.0,0,
Capitana Marvel,Acción,125,Ryan Fleck,"Brie Larson, Samuel L. Jackson, Ben Mendelsohn, Jude Law, Annette Bening",2019,"La historia sigue a Carol Danvers mientras se convierte en uno de los héroes más poderosos del universo, cuando la Tierra se encuentra atrapada en medio de una guerra galáctica entre dos razas alienígenas. Situada en los años 90, 'Capitana Marvel' es una historia nueva de un período de tiempo nunca antes visto en la historia del Universo Cinematográfico de Marvel.",0.0,0,
Vengadores: Endgame,Aventura,181,Anthony Russo,"Robert Downey Jr., Chris Evans, Mark Ruffalo, Chris Hemsworth, Scarlett Johansson",2019,"Después de los eventos devastadores de 'Vengadores: Infinity War', el universo está en ruinas debido a las acciones de Thanos. Con la ayuda de los aliados que quedaron, los Vengadores deberán reunirse una vez más para intentar deshacer sus acciones y restaurar el orden en el universo de una vez por todas, sin importar cuáles sean las consecuencias... Cuarta y última entrega de la saga ""Vengadores"".",0.0,0,
Spider-Man: Lejos de casa,Acción,135,Jon Watts,"Tom Holland, Jake Gyllenhaal, Samuel L. Jackson, Marisa Tomei, Jon Favreau",2019,"Peter Parker decide irse junto a Michelle Jones, Ned y el resto de sus amigos a pasar unas vacaciones a Europa después de los eventos ocurridos en Vengadores: EndGame. Sin embargo, el plan de Parker por dejar de lado sus superpoderes durante unas semanas se ven truncados cuándo es reclutado por Nick Fury para unirse a Mysterio (un humano que proviene de la Tierra 833, una dimensión del multiverso, que tuvo su primera aparición en Doctor Strange) para luchar contra los elementales (cuatro entes inmortales que vienen de la misma dimensión y que dominan los cuatro elementos de la naturaleza, el fuego, el agua, el aire y la tierra) . En ese momento, Parker vuelve a ponerse el traje de Spider-Man para cumplir con  su labor.",0.0,0,
Star Trek: La película,Ciencia ficción,131,Robert Wise,"William Shatner, Leonard Nimoy, DeForest Kelley, James Doohan, George Takei",1979,"Siglo XXIII. Al Almirante James T. Kirk, de la nave Enterprise, se le encomienda una difícil misión: neutralizar un extraño cuerpo para que no colisione con la Tierra. El Oficial Spock, el Capitán Willard Decker, la Asesora Ilía y el Doctor McCoy ayudan al Almirante Kirk a descubrir la naturaleza de este cuerpo sideral, provisto de un mecanismo de inteligencia de origen terrestre. La expedición del Enterprise localiza al ente y entonces se apresta a introducirse en su centro de operaciones...",0.0,0,
Star Trek II: La ira de Khan,Acción,112,Nicholas Meyer,"William Shatner, Leonard Nimoy, Ricardo Montalban, DeForest Kelley, James Doohan",1982,El Enterprise transporta a un grupo de científicos que se disponen a poner a prueba el mayor experimento jamás imaginado por el hombre: la formación de vida en un planeta inerte.,0.0,0,
Star Trek III: En busca de Spock,Ciencia ficción,101,Leonard Nimoy,"William Shatner, DeForest Kelley, James Doohan, George Takei, Walter Koenig",1984,"Tras la desaparición de Spock y la creación del planeta Génesis, la tripulación del Enterprise se dispone a localizar el cuerpo de su compañero, a petición del padre de éste.",0.0,0,
Star Trek IV: Misión salvar la Tierra,Ciencia ficción,114,Leonard Nimoy,"William Shatner, Leonard Nimoy, DeForest Kelley, James Doohan, George Takei",1986,"En el siglo XXIII, un misterioso poder alienígena amenaza la Tierra, evaporando los océanos y destruyendo la atmósfera. En un frenético intento para salvar a la humanidad, el Capitán Kirk y su tripulación viajan en el tiempo y regresan al San Francisco de 1986, encontrándose con un mundo de punks, pizza y autobuses de cambio exacto, que les resultan tan alienígenas como todo lo que han encontrado en los lugares más recónditos de la galaxia.",0.0,0,
Star Trek V: La última frontera,Ciencia ficción,102,William Shatner,"William Shatner, Leonard Nimoy, DeForest Kelley, James Doohan, George Takei",1989,"La nave Enterprise se dirige al planeta Nimbus III, para negociar la liberación de unos embajadores secuestrados. Allí descubrirán que el jefe de la banda es un pariente de Spock, obsesionado por encontrar el planeta que es considerado la fuente de la vida.",0.0,0,
Star Trek VI: Aquel país desconocido,Ciencia ficción,109,Nicholas Meyer,"William Shatner, Leonard Nimoy, DeForest Kelley, James Doohan, George Takei",1991,"Tras años de guerra, la Federación y el Imperio Klingon se disponen a celebrar una conferencia de paz. Pero el panorama de una negociación intergaláctica, con implacables enemigos, preocupa al Almirante Kirk. Cuando una nave Klingon es atacada y responsabilizan al Enterprise, ambos mundos se preparan para el que puede ser su encuentro definitivo.",0.0,0,
Star Trek VII: La próxima generación,Ciencia ficción,113,David Carson,"Patrick Stewart, Jonathan Frakes, Brent Spiner, LeVar Burton, Michael Dorn",1994,"James T. Kirk, Montgomery Scott y Pavel Chekov asisten al viaje inaugural del USS Enterprise-B, que es requerido para ayudar a un convoy de naves que se hallan atrapadas en un cinturón de energía. Debido a la inexperiencia del capitán, Kirk decide ayudar pero cuando la cubierta donde se hallaba es destruida por una ráfaga de energía, es dado por muerto.",0.0,0,
Star Trek VIII: Primer contacto,Ciencia ficción,106,Jonathan Frakes,"Patrick Stewart, Jonathan Frakes, Brent Spiner, LeVar Burton, Michael Dorn",1996,"El Capitán del Enterprise encuentra de nuevo a sus adversarios, los Borg, a quienes intenta impedir modificar la historia y conquistar la Tierra en el siglo XXI, por medio de un viaje en el tiempo, que impediría el primer vuelo warp de la raza humana y el consiguiente primer contacto con una raza extraterrestre: los vulcanos.",0.0,0,
Star Trek IX: Insurrección,Ciencia ficción,99,Jonathan Frakes,"Patrick Stewart, Jonathan Frakes, Brent Spiner, LeVar Burton, Michael Dorn",1998,"Jean-Luc Picard, capitán del USS Enterprise, recibe un mensaje de la flota. Al parecer, el comandante Data, que se encontraba estudiando una sociedad primitiva, ha sufrido un cortocircuito y ha revelado la existencia del equipo de investigación a los habitantes del planeta Ba'Ku. Pronto descubrirá que intentaba defender a ésta sociedad inocente de las aspiraciones de los Son'a.",0.0,0,
Star Trek X: Némesis,Ciencia ficción,112,Stuart Baird,"Patrick Stewart, Jonathan Frakes, Brent Spiner, LeVar Burton, Michael Dorn",2002,"La policía romulana obtiene ADN del Capitán Picard y fabrican un clon, llamado Shinzon, con la finalidad de introducirlo en la Federación, pero ese plan queda en nada y envían al clon a las minas de dilitio de Remo, el planeta hermano de Rómulo, la capital del Imperio Romulano. Shinzon organiza un golpe de estado gracias a las fuerzas Remanas y su imbatible nave erigiéndose nuevo Pretor Romulano.",0.0,0,
Star Trek,Ciencia ficción,127,J.J. Abrams,"Chris Pine, Zachary Quinto, Leonard Nimoy, Eric Bana, Bruce Greenwood",2009,"Todo está preparado para el viaje inaugural de la nave más moderna que jamás se haya creado: la USS Enterprise. Su joven tripulación tiene una importante misión: encontrar una manera de detener al malvado Nero que, movido por la venganza, amenaza a toda la humanidad. Pero el destino de la galaxia está en manos de dos jóvenes rivales, que nacieron en mundos diferentes. Uno de ellos, Tiberius James Kirk, humano, busca emociones y es un líder nato. El otro, Spock, medio humano y medio vulcaniano, es menospreciado por los vulcanianos, por sus emociones humanas.",0.0,0,
Star Trek: En la oscuridad,Acción,132,J.J. Abrams,"Chris Pine, Zachary Quinto, Zoë Saldaña, Karl Urban, Simon Pegg",2013,"Cuando a la tripulación de la nave Enterprise le ordenan que regrese a casa, en la Tierra se enfrentan a una terrorífica fuerza que, aparentemente desde dentro, ha perpetrado un ataque a la cúpula de la Federación y todo lo que ésta representa, sumiendo a la flota en una profunda crisis. Para intentar solucionar el problema, y con un asunto personal que resolver, el capitán Kirk encabeza una incursión a un planeta en guerra, para capturar a un hombre que es un arma de destrucción masiva. A medida que nuestros héroes se van sumergiendo en una épica partida de ajedrez a vida o muerte, la lealtad se verá puesta a prueba, las amistades se romperán, y habrá que hacer ciertos sacrificios por la única familia que le queda a Kirk: su tripulación.",0.0,0,
Star Trek: Más allá,Acción,122,Justin Lin,"Chris Pine, Zachary Quinto, Karl Urban, Zoë Saldaña, Simon Pegg",2016,"El USS Enterprise, la nave insignia de la Flota Estelar, liderada por el capitán James T. Kirk, vuelve a surcar el universo, para proteger la Tierra y el resto de planetas aliados. Pero la tranquilidad durará poco y el peligro acecha. La primera etapa de su misión les llevará a un territorio desconocido, y su travesía pronto se convertirá en una carrera por la supervivencia, cuando se enfrenten a un nuevo y fiero enemigo, Krall, de una especie alienígena avanzada. A la vez que intentan encontrar el modo de volver a la Tierra, su objetivo será proteger el futuro de la raza humana y preservar la armonía entre especies...",0.0,0,
El emperador y sus locuras,Aventura,78,Mark Dindal,"David Spade, John Goodman, Eartha Kitt, Patrick Warburton, Wendie Malick",2000,"El arrogante y egoísta emperador Cuzco es traicionado y convertido en llama por la ambiciosa Yzma y su guardaespaldas Kronk. El emperador, que una vez lo tuvo todo, se verá abocado a confiar en un llano y simpático campesino llamado Pacha, para encontrarse a sí mismo.",0.0,0,
Lilo y Stitch,Animación,90,Dean DeBlois,"Daveigh Chase, Chris Sanders, Tia Carrere, David Ogden Stiers, Kevin McDonald",2002,"Lilo es una niña hawaiana que se siente sola y decide adoptar un ""perro"" muy feo al que llama Stitch. Stitch sería la mascota perfecta... si no fuera en realidad un experimento genético que ha escapado de un planeta alienígena y que ha aterrizado por casualidad en la tierra.",0.0,0,
Buscando a Nemo,Animación,101,Andrew Stanton,"Albert Brooks, Ellen DeGeneres, Alexander Gould, Willem Dafoe, Geoffrey Rush",2003,"Nemo, un pececillo, hijo único muy querido y protegido por su padre, ha sido capturado en un arrecife australiano y ahora vive en una pecera en la oficina de un dentista de Sidney. El tímido padre de Nemo se embarcará en una peligrosa aventura para rescatar a su hijo. Pero Nemo y sus nuevos amigos tienen también un astuto plan para escapar de la pecera y volver al mar.",0.0,0,
Los Increíbles,Acción,115,Brad Bird,"Craig T. Nelson, Holly Hunter, Sarah Vowell, Spencer Fox, Jason Lee",2004,"Como Mr. Increíble y Elastigirl, Bob y su esposa Helen estaban entre los mejores luchadores contra el crimen. Por fin pueden volver a la acción cuando una misteriosa llamada cita a Bob en una isla remota.",0.0,0,
Chicken Little,Animación,8,Clyde Geronimi,"Frank Graham, Florence Gill, Clarence Nash",1943,"Un pequeño pollo, Chicken Little, deberá evitar por todos los medios caer en las garras de Foxy Loxy. El cortometraje fue adaptado a un largo en 2005.",0.0,0,
Encantada: La historia de Giselle,Comedia,107,Kevin Lima,"Amy Adams, Patrick Dempsey, James Marsden, Timothy Spall, Idina Menzel",2007,"Narra la odisea que debe vivir la bella princesa Giselle, que es transportada por un hechizo de la malvada reina desde su mágico mundo a la moderna y caótica Manhattan actual. Inmersa en un entorno en el que el ""fueron felices y comieron perdices"" no funciona, deambula por un mundo caótico que necesita urgentemente unos cuantos hechizos. Sin embargo, Giselle se enamora de un abogado divorciado, encantador pero nada perfecto que decide ayudarla. A pesar de que en su mundo está prometida al príncipe de cuento de hadas, la joven princesa se hará la siguiente pregunta: ¿Su visión del amor ideal tiene futuro en el mundo real?",0.0,0,
Bolt,Animación,96,Chris Williams,"John Travolta, Susie Essman, Mark Walton, Malcolm McDowell, Miley Cyrus",2008,"Para el super-perro Bolt todos los días están llenos de aventuras, peligros e intriga -al menos hasta que las cámaras dejan de grabar, ya que es el protagonista de un famoso programa de televisión-. Pero cuando la estrella canina del gran éxito televisivo es enviada accidentalmente desde sus estudios de Hollywood a Nueva York, comienza su mayor aventura en un viaje campo a través por el mundo real. Bolt está convencido de que todos sus increíbles poderes y hazañas son reales.",0.0,0,
Tiana y el sapo,Animación,97,Ron Clements,"Anika Noni Rose, Bruno Campos, Jim Cummings, Michael-Leon Wooley, Keith David",2009,"Tiana, una muchacha de origen humilde que vive en Nueva Orleans, trabaja como camarera y cocinera para conseguir realizar el sueño que compartio con su padre, conseguir abrir su propio restaurante.Pero todo cambia cuando el Príncipe Naveen, heredero de la corona de Maldonia, llega a la ciudad. En su camino se cruza el Doctor Facilier, un brujo vudú que engaña al príncipe y lo convierte en una rana. Atrapado en su nueva forma, Naveen intentará romper el encantamiento utilizando la forma clásica de los cuentos, es decir, con el beso de una princesa. Convence a Tiana para que le bese pero, las cosas no son tan sencillas.",0.0,0,
Enredados,Animación,101,Byron Howard,"Mandy Moore, Zachary Levi, Donna Murphy, Ron Perlman, Brad Garrett",2010,"Flynn Rider, el más buscado -y encantador- bandido del reino, se esconde en una misteriosa torre y allí se encuentra con Rapunzel, una bella y avispada adolescente con una cabellera dorada de 21 metros de largo, que vive encerrada allí desde hace años. Ambos sellan un pacto y a partir de ese momento la pareja vivirá emocionantes aventuras en compañía de un caballo superpolicía, un camaleón sobreprotector y una ruda pandilla de matones",0.0,0,
¡Rompe Ralph!,Familia,101,Rich Moore,"John C. Reilly, Sarah Silverman, Jack McBrayer, Alan Tudyk, Jane Lynch",2012,"Durante décadas, Ralph ha vivido a la sombra de Repara-Félix Jr., el chico bueno de su videojuego. Cansado de ser el malo de la historia, Ralph decide tomar el asunto por sus propias y gigantes manos, y se lanza en un viaje a través de los distintos mundos y generaciones de videojuegos para demostrarle al mundo que él también puede ser un héroe.",0.0,0,
Frozen: El reino del hielo,Animación,102,Chris Buck,"Kristen Bell, Idina Menzel, Jonathan Groff, Josh Gad, Livvy Stubenrauch",2013,"Cuando una profecía condena a un reino a un invierno eterno, Anna, una joven optimista se une a un temerario montañero llamado Kristoff y a su compinche el reno Sven. Juntos emprenden un viaje épico en busca de Elsa, hermana de Anna y reina de Las Nieves para poner fin al gélido hechizo.",0.0,0,
Big Hero 6,Aventura,101,Chris Williams,"Scott Adsit, Ryan Potter, Daniel Henney, T.J. Miller, Jamie Chung",2014,"En la metrópolis de San Fransokio (cruce de San Francisco y Tokio), vive Hiro Hamada, quien aprende a sacar provecho de su capacidad gracias a su brillante hermano Tadashi y sus también brillantes amigos: la buscadora de adrenalina GoGo Tamago, el meticuloso de la limpieza Wasabi-No-Ginger, la genio de la química Honey Lemon y el fanático de los cómics Fred. Cuando tras un devastador giro de los acontecimientos, se ven envueltos en una peligrosa conspiración que tiene lugar en las calles de San Fransokio, Hiro recurre a su amigo más íntimo: un robot llamado Baymax, y transforma al grupo en una banda de héroes de última tecnología decididos a resolver el misterio.",0.0,0,
Del revés (Inside Out),Animación,95,Pete Docter,"Amy Poehler, Phyllis Smith, Richard Kind, Bill Hader, Lewis Black",2015,"Riley es una chica que disfruta o padece toda clase de sentimientos. Aunque su vida ha estado marcada por la Alegría, también se ve afectada por otro tipo de emociones. Lo que Riley no entiende muy bien es por qué motivo tiene que existir la Tristeza en su vida. Una serie de acontecimientos hacen que Alegría y Tristeza se mezclen en una peligrosa aventura que dará un vuelco al mundo de Riley.",0.0,0,
Zootrópolis,Animación,100,Byron Howard,"Jason Bateman, Ginnifer Goodwin, Idris Elba, Jenny Slate, Nate Torrence",2016,"La moderna metrópoli mamífera de Zootrópolis es una ciudad absolutamente única. Está compuesta de barrios con diferentes hábitats como la lujosa Plaza Sahara, el Distrito Selva Tropical y el gélido Distrito Tundra. Es un crisol donde los animales de cada entorno conviven, un lugar donde no importa lo que seas. De hecho puedes ser cualquier cosa, desde un elefante enorme hasta la musaraña más diminuta. Pero cuando llega la optimista agente Judy Hopps, descubre que ser la primera conejita de un cuerpo policial compuesto de animales duros y enormes no es nada fácil. Pero está decidida a demostrar su valía y se mete de cabeza en un caso, a pesar de que eso significa trabajar con Nick Wilde, un zorro parlanchín y estafador, para resolver el misterio.",0.0,0,
Vaiana,Aventura,0,Thomas Kail,"Catherine Laga'Aia, Dwayne Johnson, Rena Owen, John Tui, Frankie Adams",2026,Versión de imagen real de la película de animación de 2016 'Vaiana'.,0.0,0,
Coco,Familia,109,Lee Unkrich,"Anthony Gonzalez, Gael García Bernal, Benjamin Bratt, Alanna Ubach, Renee Victor",2017,"Un joven aspirante a músico llamado Miguel se embarca en un viaje extraordinario a la mágica tierra de sus ancestros. Allí, el encantador embaucador Héctor se convierte en su inesperado amigo y le ayuda a descubrir los misterios detrás de las historias y tradiciones de su familia.",0.0,0,
Ralph rompe Internet,Familia,115,Rich Moore,"John C. Reilly, Sarah Silverman, Gal Gadot, Taraji P. Henson, Bill Hader",2018,"Ralph sale de los recreativos y... ¡rompe Internet! ¿Qué podría salir mal? La secuela de ""¡Rompe Ralph!"" (2012) tendrá lugar en el presente, seis años después de los acontecimientos de la primera película. En ella volveremos a ver a Ralph, el malo del videojuego que quiere ser un héroe, además de otros personajes ya conocidos, como Vanellope von Schweetz, la chica ""error de programación"" con un imparable espíritu ganador. La historia se centrará en las aventuras de Ralph y sus compañeros en el mundo de Internet.",0.0,0,
Frozen 2,Familia,103,Jennifer Lee,"Kristen Bell, Idina Menzel, Josh Gad, Jonathan Groff, Evan Rachel Wood",2019,"¿Por qué nació Elsa con poderes mágicos? La respuesta le está llamando y amenaza su reino. Junto con Anna, Kristoff, Olaf y Sven emprenderá un viaje peligroso e inolvidable. En 'Frozen: El Reino del Hielo', Elsa temía que sus poderes fueran demasiado para el mundo. En 'Frozen 2', deseará que sean suficientes.",0.0,0,
Encanto,Animación,102,Byron Howard,"Stephanie Beatriz, María Cecilia Botero, John Leguizamo, Diane Guerrero, Jessica Darrow",2021,"Los Madrigal son una familia extraordinaria que vive en una casa mágica de un pueblo vibrante en las montañas de Colombia, escondidas en un 'Encanto'. La magia ha bendecido a cada niño de la familia con un don único, desde la superfuerza hasta el poder de sanar. A todos, excepto Mirabel, quien desea ser tan especial como el resto de su familia.  Pero cuando la magia que rodea al Encanto está en peligro, Mirabel decide que ella, la única Madrigal sin ningún tipo de don único, puede ser la única esperanza de su excepcional familia.",0.0,0,
Luca,Animación,101,Enrico Casarosa,"Jacob Tremblay, Jack Dylan Grazer, Emma Berman, Saverio Raimondo, Maya Rudolph",2021,"Ambientada en un precioso pueblo costero de la Riviera italiana, narra la historia sobre el paso a la edad adulta de un chico que vive un verano inolvidable lleno de helados, pasta e infinitos paseos en scooter. Luca comparte estas aventuras con su nuevo mejor amigo, pero toda la diversión se ve amenazada por un secreto muy profundo: él es un monstruo marino de un mundo que yace bajo la superficie del agua.",0.0,0,
El exorcista,Terror,132,William Friedkin,"Ellen Burstyn, Linda Blair, Jason Miller, Max von Sydow, Lee J. Cobb",1973,"Regan es una niña de doce años víctima de fenómenos paranormales como la levitación o la manifestación de una fuerza sobrehumana. Su madre, aterrorizada, tras someter a su hija a múltiples análisis médicos que no ofrecen ningún resultado, acude a un sacerdote con estudios de psiquiatría. Éste está convencido de que el mal no es físico sino espiritual, es decir, que la niña es víctima de una posesión diabólica. Por eso, con la ayuda de otro sacerdote decide practicar un exorcismo.",0.0,0,
Pesadilla en Elm Street,Terror,91,Wes Craven,"Heather Langenkamp, Robert Englund, Johnny Depp, John Saxon, Ronee Blakley",1984,"Varios jóvenes de una pequeña localidad tienen habitualmente pesadillas en las que son perseguidos por un hombre deformado por el fuego y que usa un guante terminado en afiladas cuchillas. Algunos de ellos comienzan a ser asesinados mientras duermen por este ser, que resulta ser un asesino al que los padres de estos jóvenes quemaron vivo hace varios años tras descubrir que había asesinado a varios niños.",0.0,0,
El resplandor,Terror,146,Stanley Kubrick,"Jack Nicholson, Shelley Duvall, Danny Lloyd, Scatman Crothers, Barry Nelson",1980,"Jack Torrance se traslada, junto a su mujer y a su hijo, al impresionante hotel Overlook, en Colorado, para encargarse del mantenimiento del mismo durante la temporada invernal, en la que permanece cerrado y aislado por la nieve. Su idea es escribir su novela al tiempo que cuida de las instalaciones durante esos largos y solitarios meses de invierno, pero desde su llegada al hotel, Jack comienza a padecer inquietantes transtornos de personalidad, al mismo tiempo que en el lugar comienzan a suceder diversos fenómenos paranormales.",0.0,0,
Halloween: El Origen,Terror,110,Rob Zombie,"Malcolm McDowell, Sheri Moon Zombie, William Forsythe, Tyler Mane, Scout Taylor-Compton",2007,"Después de estar recluido durante 17 años en una institución mental, Michael Myers, convertido ya en un hombre adulto y muy peligroso, logra escaparse y regresa a Haddonfield para buscar a su hermana. Todo aquel que se cruce en su camino corre un peligro mortal.",0.0,0,
It (Eso),Terror,135,Andy Muschietti,"Jaeden Martell, Sophia Lillis, Jack Dylan Grazer, Finn Wolfhard, Jeremy Ray Taylor",2017,"Remake del clásico de Stephen King en el que un payaso aterroriza a los niños de un vecindario. En un pequeño pueblo de Maine, siete niños conocidos como el Club de los Perdedores se encuentran cara a cara con problemas de la vida, matones y un monstruo que toma la forma de un payaso llamado Pennywise.",0.0,0,
Psicosis,Terror,109,Alfred Hitchcock,"Anthony Perkins, Janet Leigh, Vera Miles, John Gavin, Martin Balsam",1960,"Una joven secretaria, tras cometer un robo, se marcha de la ciudad y conduce durante horas, parando para descansar en un pequeño motel de carretera regentado por un joven llamado Norman. Todo parece normal y tranquilo en el apartado motel y en la casa de al lado en la que viven Norman y su madre pero, mientras está en la ducha, la joven es asesinada salvajemente a cuchilladas.",0.0,0,
La matanza de Texas,Terror,98,Marcus Nispel,"Jessica Biel, Jonathan Tucker, Andrew Bryniarski, Erica Leerhsen, Eric Balfour",2003,"Durante un viaje de Texas a México, un grupo de jóvenes recoge a una autoestopista ensangrentada que asegura que es la única superviviente de una masacre ocurrida la noche anterior en una casa cercana. Remake del clásico homónimo de Tobe Hooper (1974).",0.0,0,
Hereditary,Terror,126,Ari Aster,"Toni Collette, Alex Wolff, Gabriel Byrne, Ann Dowd, Milly Shapiro",2018,"Cosas extrañas comienzan a suceder en casa de los Graham tras la muerte de la abuela y matriarca, que deja en herencia su casa a su hija Annie. Annie Graham, una galerista casada y con dos hijos, no tuvo una infancia demasiado feliz junto a su madre, y cree que la muerte de ésta puede hacer que pase página. Pero todo se complica cuando su hija menor comienza a ver figuras fantasmales, que también empiezan a aparecer ante su hermano.",0.0,0,
Expediente Warren: The Conjuring,Terror,112,James Wan,"Patrick Wilson, Vera Farmiga, Lili Taylor, Ron Livingston, Mackenzie Foy",2013,"Basada en una historia real documentada por los reputados demonólogos Ed y Lorraine Warren. Narra los encuentros sobrenaturales que vivió la familia Perron en su casa de Rhode Island a principios de los 70. El matrimonio Warren, investigadores de renombre en el mundo de los fenómenos paranormales, acudieron a la llamada de esta familia aterrorizada por la presencia en su granja de un ser maligno.",0.0,0,
Saw,Terror,102,James Wan,"Cary Elwes, Leigh Whannell, Danny Glover, Monica Potter, Ken Leung",2004,"Dos extraños, que se despiertan en una habitación sin recordar cómo llegaron allí, pronto descubren que son peones en un juego mortal perpetrado por un famoso asesino en serie.",0.0,0,
The Ring (La señal),Terror,105,Gore Verbinski,"Naomi Watts, Martin Henderson, David Dorfman, Brian Cox, Jane Alexander",2002,"Rachel Keller es una periodista de investigación que no da mucho crédito a lo que considera una especie de leyenda urbana: al parecer, circula por ahí una cinta de vídeo con imágenes aterradoras, que va acompañada de una llamada telefónica en la que se predice, con una semana de antelación, la muerte de quien las ha visto. Sin embargo, cuando cuatro adolescentes encuentran la muerte exactamente una semana después de ver el vídeo, la curiosidad se apodera de ella y no parará hasta encontrar la cinta y verla.",0.0,0,
Poltergeist,Terror,100,Gil Kenan,"Sam Rockwell, Rosemarie DeWitt, Saxon Sharbino, Kyle Catlett, Kennedi Clements",2015,"Cuenta la historia de una familia que, tras mudarse a una nueva casa, se ve azotada por los espíritus de los que la habitaron en el pasado. El foco del ataque sobrenatural se centra en la hija más pequeña del matrimonio. Remake del clásico de 1982.",0.0,0,
Paranormal Activity,Terror,86,Oren Peli,"Katie Featherston, Micah Sloat, Mark Fredrichs, Amber Armstrong, Ashley Palmer",2007,"Una pareja feliz, joven y de clase media ve su vida atormentada por un espíritu demoníaco. Ella es una estudiante que está punto de graduarse como profesora, y él, un corredor de bolsa que trabaja desde su casa. Viven desde hace tres años en una casa que hasta el momento les parecía completamente normal; pero, inesperadamente, extraños fenómenos paranormales empiezan a perturbar su vida.",0.0,0,
Déjame salir,Misterio,103,Jordan Peele,"Daniel Kaluuya, Allison Williams, Catherine Keener, Bradley Whitford, Caleb Landry Jones",2017,"Un joven afroamericano visita a la familia de su novia blanca, un matrimonio adinerado. Para Chris y su novia Rose ha llegado el momento de conocer a los futuros suegros, por lo que ella le invita a pasar un fin de semana en el campo con sus padres, Missy y Dean. Al principio, Chris piensa que el comportamiento 'demasiado' complaciente de los padres se debe a su nerviosismo por la relación interracial de su hija, pero a medida que pasan las horas, una serie de descubrimientos cada vez más inquietantes le llevan a descubrir una verdad inimaginable.",0.0,0,
Un lugar tranquilo,Terror,96,John Krasinski,"Emily Blunt, John Krasinski, Millicent Simmonds, Noah Jupe, Cade Woodward",2018,"Evelyn y Lee Abbott son una pareja con tres hijos que vive en una granja aislada de toda civilización al norte de Nueva York. Esta familia ha sobrevivido durante meses en un mundo invadido y amenazado por mortales criaturas extraterrestres que se guían por el sonido para cazar. En este contexto en el que una palabra puede significar la muerte, la familia Abbott vive silenciosamente, andan descalzos y se comunican por medio del lenguaje de señas.",0.0,0,
Sinister,Terror,110,Scott Derrickson,"Ethan Hawke, Juliet Rylance, Vincent D'Onofrio, James Ransone, Fred Thompson",2012,"Un periodista viaja con su familia a lo largo y ancho del país para investigar terribles asesinatos que luego convierte en libros. Cuando llega a una casa donde ha tenido lugar el asesinato de una familia, encuentra una cinta que desvela horribles pistas que van más allá del esclarecimiento de la tragedia.",0.0,0,
Nosotros,Terror,116,Jordan Peele,"Lupita Nyong'o, Winston Duke, Elisabeth Moss, Tim Heidecker, Shahadi Wright Joseph",2019,"Adelaide Wilson es una mujer que vuelve al hogar de su infancia en la costa junto a su marido, Gabe, y sus dos hijos, para una idílica escapada veraniega. Después de un tenso día en la playa con sus amigos, Adelaide y su familia vuelven a la casa donde están pasando las vacaciones. Cuando cae la noche, los Wilson descubren la silueta de cuatro figuras cogidas de la mano y en pie delante de la vivienda. ""Nosotros"" enfrenta a una entrañable familia estadounidense a un enemigo tan insólito como aterrador.",0.0,0,
Babadook,Drama,95,Jennifer Kent,"Essie Davis, Noah Wiseman, Hayley McElhinney, Daniel Henshall, Barbara West",2014,"Seis años después de la violenta muerte de su marido, Amelia (Essie Davis) continúa perdida intentando educar a Samuel (Noah Wiseman), su hijo de seis años, que vive aterrorizado por un monstruo que se le aparece en sueños y amenaza con matarlos. Cuando un inquietante libro de cuentos llamado “The Babadook” aparece en su casa, Samuel se muestra convencido de que el Babadook es la criatura sobre la que ha estado soñando. Cuando sus alucinaciones entran en una espiral fuera de control, se vuelve impredecible y violento. Amelia, muy asustada por el comportamiento de su hijo, se ve forzada a medicarle. Pero cuando comienza a vislumbrar una presencia siniestra a su alrededor, Amelia poco a poco se da cuenta de que aquello sobre lo que Samuel la ha estado advirtiendo puede ser real.",0.0,0,
La cabaña en el bosque,Terror,95,Drew Goddard,"Kristen Connolly, Fran Kranz, Chris Hemsworth, Jesse Williams, Anna Hutchison",2012,"Cinco jóvenes se preparan para pasar el fin de semana en una aislada cabaña en el bosque, sin ningún tipo de comunicación con el exterior. En el sótano encuentran una extraña colección de reliquias y entre ellas, un diario que habla de la antigua familia que ocupó la casa. Lo que no sospechan es que están siendo observados y que sus acciones marcarán el destino de algo mucho más grande que ellos.",0.0,0,
Carrie,Terror,98,Brian De Palma,"Sissy Spacek, Piper Laurie, Amy Irving, William Katt, John Travolta",1976,"Carrie es una torturada estudiante de secundaria que no encaja en su entorno, sin confianza en sí misma y sin amigos… y sin ser consciente de la amplitud de sus poderes telquinéticos. Pero cuando su psicótica madre y sus sádicos compañeros de clase llegan demasiado lejos, la una vez tímida adolescente se convierte en una máquina desenfrenada y, con ayuda de su «don especial», hace caer el infierno sobre sus cabezas en un frenesí de sangre, fuego y azufre que te llevará a las profundidades del horror… y aún más lejos.",0.0,0,
El señor de los anillos: La comunidad del anillo,Aventura,179,Peter Jackson,"Elijah Wood, Ian McKellen, Viggo Mortensen, Sean Astin, Ian Holm",2001,"En la Tierra Media, el Señor Oscuro Saurón creó los Grandes Anillos de Poder, forjados por los herreros Elfos. Tres para los reyes Elfos, siete para los Señores Enanos, y nueve para los Hombres Mortales. Secretamente, Saurón también forjó un anillo maestro, el Anillo Único, que contiene en sí el poder para esclavizar a toda la Tierra Media. Con la ayuda de un grupo de amigos y de valientes aliados, Frodo emprende un peligroso viaje con la misión de destruir el Anillo Único. Pero el Señor Oscuro Sauron, quien creara el Anillo, envía a sus servidores para perseguir al grupo. Si Sauron lograra recuperar el Anillo, sería el final de la Tierra Media.",0.0,0,
El señor de los anillos: Las dos torres,Aventura,180,Peter Jackson,"Elijah Wood, Ian McKellen, Viggo Mortensen, Sean Astin, Andy Serkis",2002,"La Compañía del Anillo se ha disuelto. El portador del anillo Frodo y su fiel amigo Sam se dirigen hacia Mordor para destruir el Anillo Único y acabar con el poder de Sauron. Mientras, y tras la dura batalla contra los orcos donde cayó Boromir, el hombre Aragorn, el elfo Legolas y el enano Gimli intentan rescatar a los medianos Merry y Pipin, secuestrados por los ogros de Mordor. Por su parte, Saurón y el traidor Sarumán continúan con sus planes en Mordor, en espera de la guerra contra las razas libres de la Tierra Media.",0.0,0,
El señor de los anillos: El retorno del rey,Aventura,202,Peter Jackson,"Elijah Wood, Ian McKellen, Viggo Mortensen, Sean Astin, Andy Serkis",2003,"Las fuerzas de Saruman han sido destruidas, y su fortaleza sitiada. Ha llegado el momento de que se decida el destino de la Tierra Media, y por primera vez en mucho tiempo, parece que hay una pequeña esperanza. La atención del señor oscuro Sauron se centra ahora en Gondor, el último reducto de los hombres, y del cual Aragorn tendrá que reclamar el trono para ocupar su puesto de rey. Pero las fuerzas de Sauron ya se preparan para lanzar el último y definitivo ataque contra el reino de Gondor, la batalla que decidirá el destino de todos. Mientras tanto, Frodo y Sam continuan su camino hacia Mordor, a la espera de que Sauron no repare en que dos pequeños Hobbits se acercan cada día más al final de su camino, el Monte del Destino.",0.0,0,
Harry Potter y la piedra filosofal,Aventura,152,Chris Columbus,"Daniel Radcliffe, Rupert Grint, Emma Watson, Richard Harris, Tom Felton",2001,"Harry Potter es un huérfano que vive con sus desagradables tíos, los Dursley, y su repelente primo Dudley. Se acerca su undécimo cumpleaños y tiene pocas esperanzas de recibir algún regalo, ya que nunca nadie se acuerda de él. Sin embargo, pocos días antes de su cumpleaños, una serie de misteriosas cartas dirigidas a él y escritas con una estridente tinta verde rompen la monotonía de su vida: Harry es un mago y sus padres también lo eran.",0.0,0,
Harry Potter y la cámara secreta,Aventura,150,Chris Columbus,"Daniel Radcliffe, Rupert Grint, Emma Watson, Kenneth Branagh, Toby Jones",2002,"Harry regresa a su segundo año a Hogwarts, pero descubre que cosas malas ocurren debido a que un sitio llamado la Cámara de los Secretos ha sido abierto por el heredero de Slytherin y hará que los hijos de muggles, los impuros, aparezcan petrificados misteriosamente por un animal monstruoso.",0.0,0,
Harry Potter y el prisionero de Azkaban,Aventura,141,Alfonso Cuarón,"Daniel Radcliffe, Rupert Grint, Emma Watson, Robbie Coltrane, Michael Gambon",2004,"Harry está deseando que termine el verano para comenzar un nuevo curso en Hogwarts, y abandonar lo antes posible la casa de sus despreciables tíos, los Dursley. Lo que desconoce Harry es que va a tener que abandonar Privet Drive antes de tiempo e inesperadamente después de convertir a su tía Marge en un globo gigante. Un autobús noctámbulo, y encantado por supuesto, le llevará a la taberna El Caldero Chorreante, donde le espera nada menos que Cornelius Fudge, el Ministro de Magia.",0.0,0,
Harry Potter y el cáliz de fuego,Aventura,157,Mike Newell,"Daniel Radcliffe, Rupert Grint, Emma Watson, Brendan Gleeson, Michael Gambon",2005,"En el cuarto año en Hogwarts, Harry se enfrenta al mayor de los desafíos y peligros de la saga. Cuando es elegido bajo misteriosas circunstancias como el competidor que representará a Hogwarts en el Torneo Triwizard, Harry deberá competir contra los mejores jóvenes magos de toda Europa. Pero mientras se prepara, aparecen pruebas que manifiestan que Lord Voldemort ha regresado. Antes de darse cuenta, Harry no solo estará luchando por el campeonato sino también por su vida",0.0,0,
Harry Potter y la Orden del Fénix,Aventura,138,David Yates,"Daniel Radcliffe, Rupert Grint, Emma Watson, Imelda Staunton, Helena Bonham Carter",2007,"Harry Potter regresa por quinto año a Hogwarts aún sacudido por la tragedia ocurrida en el Torneo de los Tres Magos. Debido a que el Ministro de la Magia niega el regreso de Lord Voldemort, Harry se convierte en el centro de atención de la comunidad mágica. Mientras lucha con sus problemas en el colegio, incluyendo a la nueva profesora Dolores Umbridge, intentará aprender más sobre la misteriosa Orden del Fénix.",0.0,0,
Harry Potter y el misterio del príncipe,Aventura,153,David Yates,"Daniel Radcliffe, Rupert Grint, Emma Watson, Jim Broadbent, Michael Gambon",2009,"En medio de los desastres que azotan a Inglaterra, Harry y sus compañeros vuelven a Hogwarts para cursar su sexto año de estudios; y aunque las medidas de seguridad han convertido al colegio en una fortaleza, algunos estudiantes son víctimas de ataques inexplicables. Harry sospecha que Draco Malfoy es el responsable de los mismos y decide averiguar la razón. Mientras tanto, Albus Dumbledore y el protagonista exploran el pasado de Lord Voldemort mediante recuerdos que el director ha recolectado. Con esto, Dumbledore planea preparar al muchacho para el día de la batalla final.",0.0,0,
Harry Potter y las Reliquias de la Muerte - Parte 1,Aventura,146,David Yates,"Daniel Radcliffe, Emma Watson, Rupert Grint, Toby Jones, Helena Bonham Carter",2010,"Una tarea casi imposible cae sobre los hombros de Harry: deberá encontrar y destruir los horrocruxes restantes para dar fin al reinado de Lord Voldemort. En el episodio final de la saga, el hechicero de 17 años parte junto con sus amigos Hermione Granger y Ron Weasley en un peligroso viaje por Inglaterra para encontrar los objetos que contienen los fragmentos del alma del Señor Tenebroso, los cuales garantizan su longevidad. Pero el camino no será fácil pues el lado oscuro adquiere más poder con cada minuto que pasa y las lealtades serán puestas a prueba. Harry deberá usar todos los conocimientos que gracias a Dumbledore ha adquirido sobre su enemigo para poder encontrar la forma de sobrevivir a esta última aventura.",0.0,0,
Harry Potter y las Reliquias de la Muerte - Parte 2,Fantasía,130,David Yates,"Daniel Radcliffe, Emma Watson, Rupert Grint, Ralph Fiennes, Alan Rickman",2011,La segunda parte de la batalla final entre las fuerzas del bien y el mal. El juego nunca ha sido tan peligroso y nadie está a salvo. Se acerca el momento de la confrontación final entre Harry Potter y Lord Voldemort. Todo termina aquí…,0.0,0,
El laberinto del fauno,Fantasía,112,Guillermo del Toro,"Ivana Baquero, Sergi López, Maribel Verdú, Ariadna Gil, Doug Jones",2006,"En la España falangista de 1944, una joven aficionada a los libros e hijastra de un sádico oficial del ejército huye a un misterioso pero cautivador mundo de fantasía.",0.0,0,
Alicia en el País de las Maravillas,Familia,109,Tim Burton,"Mia Wasikowska, Johnny Depp, Anne Hathaway, Helena Bonham Carter, Crispin Glover",2010,"Alicia, una joven de 19 años, asiste a una fiesta en una mansión victoriana, donde descubre que está a punto de recibir una propuesta de matrimonio frente a un montón de gente estirada de la alta sociedad. Alicia entonces se escapa, corriendo tras un conejo blanco, entra a un agujero tras él... y acaba en el país de las Maravillas, un lugar que visitó hace 10 años, pero el cual no recuerda. El país de las Maravillas era un reino pacífico hasta que la Reina Roja derrocó a su hermana, la Reina Blanca. Las criaturas del país de las maravillas, listos para la revuelta, esperan que Alicia les ayude, y éstas a su vez le ayudarán a recordar su primera visita al mágico reino.",0.0,0,
"Las crónicas de Narnia: El león, la bruja y el armario",Aventura,143,Andrew Adamson,"William Moseley, Anna Popplewell, Skandar Keynes, Georgie Henley, Liam Neeson",2005,"La historia narra las aventuras de cuatro hermanos: Lucy, Edmund, Susan y Peter, que durante la Segunda Guerra Mundial descubren el mundo de Narnia, al que acceden a través de un armario mágico mientras juegan al escondite en la casa de campo de un viejo profesor. En Narnia descubrirán un mundo increíble habitado por animales que hablan, duendes, faunos, centauros y gigantes al que la Bruja Blanca- Jadis- ha condenado al invierno eterno. Con la ayuda del león Aslan, el noble soberano, los niños lucharán para vencer el poder que la Bruja Blanca ejerce sobre Narnia en una espectacular batalla y conseguir así liberarle de la maldición del frío.",0.0,0,
Las crónicas de Narnia: El príncipe Caspian,Aventura,144,Andrew Adamson,"William Moseley, Anna Popplewell, Skandar Keynes, Georgie Henley, Ben Barnes",2008,"Un año después de los increíbles acontecimientos de ""El León, la Bruja y el Armario"", los reyes y las reinas de Narnia -los 4 hermanos Pevensie- vuelven a reunirse en ese remoto y fantástico mundo, donde descubrirán que han pasado más de 1.300 años, calculados en tiempo narniano. Durante su ausencia, la Edad de Oro de Narnia ha terminado, y los Telmarinos han conquistado el reino de Narnia, que ahora está dominado por el malvado Rey Miraz. Los cuatro niños no tardarán en conocer un nuevo y extraño personaje: el joven Príncipe Caspian, heredero legítimo al trono que se ha visto obligado a esconderse ya que su tío Miraz trama su asesinato para colocar a su hijo recién nacido en el trono. Los Narnianos, liderados por los poderosos caballeros Peter y Caspian, se embarcan en un extraordinario viaje para encontrar a Aslan, liberar Narnia del yugo tiránico de Miraz y restaurar la magia y la paz en el territorio.",0.0,0,
Stardust,Aventura,127,Matthew Vaughn,"Charlie Cox, Claire Danes, Sienna Miller, Ricky Gervais, Jason Flemyng",2007,"Tristan un joven trabajador y poco adaptado a la sociedad, siempre ha soñado con salir de Muro, pero más ha soñado con Victoria, la muchacha más linda del pueblo, y a quién él corteja incansablemente sin llegar a la fría joven y siendo pasado a llevar por su rival. A pesar de todo, cuando Victoria le comenta que cosas la harían cambiar de opinión de casarse con otro, Tristan no duda en prometerle ir en busca de la primera estrella fugaz que ve pasar, y así lo hace.",0.0,0,
La forma del agua,Drama,119,Guillermo del Toro,"Sally Hawkins, Michael Shannon, Richard Jenkins, Octavia Spencer, Michael Stuhlbarg",2017,"Elisa es una joven muda que trabaja como conserje en un laboratorio en 1963, en plena Guerra Fría, donde se enamorará de un hombre anfibio que se encuentra ahí recluido.",0.0,0,
La milla verde,Fantasía,189,Frank Darabont,"Tom Hanks, David Morse, Bonnie Hunt, Michael Clarke Duncan, James Cromwell",1999,"En el sur de los Estados Unidos, en plena Depresión, Paul Edgecomb es un vigilante penitenciario a cargo de la Milla Verde, un pasillo que separa las celdas de los reclusos condenados a la silla eléctrica. Esperando su ejecución está John Coffey, un gigantesco negro acusado de asesinar brutalmente a dos hermanas de nueve años. Tras una personalidad ingenua, Coffey esconde un don sobrenatural prodigioso. A medida que transcurre la historia, Paul Edgecomb aprende que los milagros ocurren... incluso en los lugares más insospechados.",0.0,0,
Piratas del Caribe: La maldición de la Perla Negra,Aventura,143,Gore Verbinski,"Johnny Depp, Orlando Bloom, Keira Knightley, Geoffrey Rush, Jack Davenport",2003,"El aventurero capitán Jack Sparrow recorre las aguas caribeñas. Pero su andanzas terminan cuando su enemigo, el capitán Barbossa le roba su barco, la Perla Negra, y ataca la ciudad de Port Royal, secuestrando a Elizabeth Swann, hija del gobernador. Will Turner, el amigo de la infancia de Elizabeth, se une a Jack para rescatarla y recuperar la Perla Negra. Pero el prometido de Elizabeth, comodoro Norrington, les persigue a bordo del HMS Impávido. Además, Barbossa y su tripulación son víctimas de un conjuro por el que están condenados a vivir eternamente, y a transformarse cada noche en esqueletos vivientes, en fantasmas guerreros.",0.0,0,
Piratas del Caribe: El cofre del hombre muerto,Aventura,151,Gore Verbinski,"Johnny Depp, Orlando Bloom, Keira Knightley, Stellan Skarsgård, Bill Nighy",2006,"Will Turner y Elizabeth Swann se van a casar, pero ambos son hechos prisioneros por Lord Cutler Beckett y acusados de haber liberado al capitán Jack Sparrow. Para salvar su vida, Will tendrá que encontrar a Jack y conseguir su misteriosa brújula. Esta esconde un gran poder, además de la clave de una deuda de sangre del pirata con un temible y siniestro Davy Jones, el legendario capitán del barco fantasma Holandés Errante.",0.0,0,
